experiment_id,dataset,seed,model_summary,optimizer,lr,momentum,weight_decay,epochs_trained,best_val_accuracy,best_val_loss
E1,CIFAR10,42,MLP(3072→256→128→10),Adam,0.001,0.0,0.0,20,0.53720703125,1.38244069814682
E2,CIFAR10,42,MLP+Dropout(0.3),Adam,0.001,0.0,0.0,20,0.55,1.2975629538297653
E3,CIFAR10,42,MLP+BatchNorm,Adam,0.001,0.0,0.0,20,0.54189453125,1.3128174841403961
E4,CIFAR10,42,MLP+Dropout(0.3)+EarlyStopping,Adam,0.001,0.0,0.0,20,0.55,1.2975629538297653
O1,CIFAR10,42,MLP+Dropout(0.3)+EarlyStopping,Adam,0.1,0.0,0.0,8,0.101171875,2.3050480782985687
O2,CIFAR10,42,MLP+Dropout(0.3)+EarlyStopping,Adam,1e-05,0.0,0.0,8,0.3708984375,1.8135231882333755
O3,CIFAR10,42,MLP+Dropout(0.3)+EarlyStopping,SGD,0.01,0.9,0.0001,15,0.5373046875,1.3152039676904679
